,def_count,over_count
0,0.0,0.9997999599919984
9,0.6729345869173835,0.29245849169833854
19,0.8771754350870179,0.10622124424884957
38,0.7109421884376879,0.2530506101220239
