,def_count,over_count
0,0.49829965993198666,0.4562912582516496
9,0.5043008601720321,0.4482896579315855
19,0.5003000600120022,0.45769153830765935
38,0.5231046209241857,0.4300860172034397
