,def_count,over_count
0,0.49289857971594253,0.46149229845969125
9,0.5161032206441284,0.44208841768353574
19,0.49549909981996215,0.46189237847569475
38,0.5459091818363665,0.4038807761552303
