,def_count,over_count
0,0.48809761952390385,0.46889377875575067
9,0.5033006601320263,0.44548909781956375
19,0.4872974594918959,0.46969393878775756
38,0.5437087417483497,0.41288257651530264
