,def_count,over_count
0,0.4870974194838958,0.4602920584116816
9,0.5033006601320266,0.4602920584116818
19,0.48989797959591835,0.462092418483696
38,0.5291058211642284,0.4250850170034007
