,def_count,over_count
0,0.5109021804360891,0.44828965793158526
9,0.49649929985997127,0.4546909381876373
19,0.4938987797559488,0.46249249849969987
38,0.5179035807161428,0.4366873374674925
