,def_count,over_count
0,0.49869973994798794,0.45449089817963517
9,0.49389877975595137,0.4602920584116807
19,0.4818963792758547,0.4636927385477079
38,0.5337067413482718,0.42528505701140074
