,def_count,over_count
0,0.5067013402680515,0.45309061812362394
9,0.5059011802360468,0.43948789757951456
19,0.499499899979994,0.45669133826765357
38,0.5413082616523291,0.41488297659531914
