,def_count,over_count
0,0.4956991398279646,0.46129225845168964
9,0.5051010202040396,0.44728945789157626
19,0.49449889977995526,0.4674934986997388
38,0.5305061012202413,0.4196839367873568
