,def_count,over_count
0,0.4966993398679735,0.4544908981796346
9,0.5033006601320257,0.4502900580116012
19,0.5077015403080596,0.447289457891578
38,0.5239047809561896,0.4312862572514496
