,def_count,over_count
0,0.0,1.0
9,0.821764352870573,0.1512302460492095
19,0.9719943988797758,0.02440488097619517
38,0.8253650730146046,0.14482896579315813
