,def_count,over_count
0,0.5043008601720341,0.4550910182036402
9,0.49909981996399344,0.45769153830766074
19,0.4984996999399874,0.45529105821164195
38,0.5225045009001811,0.43848769753950656
