,def_count,over_count
0,0.5235047009401876,0.4308861772354465
9,0.4750950190038001,0.4802960592118412
19,0.5271054210842164,0.41808361672334377
38,0.5235047009401858,0.4350870174034803
