,def_count,over_count
0,0.46109221844368775,0.4894978995799171
9,0.5115023004600912,0.4372874574914985
19,0.49569913982796576,0.4616923384676926
38,0.5471094218843785,0.40548109621924316
