,def_count,over_count
0,0.5031006201240247,0.454090818163633
9,0.4850970194038789,0.4630926185237051
19,0.5109021804360878,0.43668733746749216
38,0.5283056611322261,0.43928785757151395
