,def_count,over_count
0,0.4992998599719942,0.45849169833966624
9,0.507301460292056,0.44108821764352774
19,0.5035007001400256,0.4480896179235838
38,0.5359071814362858,0.41688337667533426
