,def_count,over_count
0,0.0,1.0
9,0.8151630326065213,0.1582316463292648
19,0.9699939987997594,0.023804760952190404
38,0.8243648729745936,0.15083016603320654
