,def_count,over_count
0,0.5099019803960793,0.44688937787557587
9,0.4954990998199627,0.46369273854770865
19,0.5127025405081035,0.4432886577315454
38,0.5225045009001774,0.43388677735546977
