,def_count,over_count
0,0.0354070814162831,0.9539907981596314
9,0.6861372274454889,0.27925585117023505
19,0.8649729945989207,0.10762152430486083
38,0.6733346669333867,0.27405481096219236
