,def_count,over_count
0,0.488897779555911,0.45929185837167363
9,0.49849969993998916,0.45589117823564707
19,0.4886977395479084,0.45809161832366435
38,0.5285057011402288,0.43608721744348716
