,def_count,over_count
0,0.30846169233846643,0.6421284256851353
9,0.5189037807561526,0.4286857371474309
19,0.6057211442288438,0.3506701340268046
38,0.5731146229245817,0.3824764952990593
