,def_count,over_count
0,0.4952990598119613,0.45789157831566213
9,0.509901980396077,0.4498899779955979
19,0.4930986197239447,0.4674934986997406
38,0.5347069413882791,0.42308461692338367
