,def_count,over_count
0,0.08341668333666696,0.883176635327065
9,0.544708941788357,0.40608121624324844
19,0.6733346669333876,0.2816563312662517
38,0.5907181436287264,0.36207241448289607
