,def_count,over_count
0,0.51350270054011,0.43948789757951473
9,0.4848969793958789,0.47229445889177774
19,0.5009001800360063,0.4546909381876365
38,0.5301060212042386,0.43268653730746115
