,def_count,over_count
0,0.48589717943588606,0.47009401880376134
9,0.5191038207641521,0.4374874974994988
19,0.49149829965993125,0.4670934186837369
38,0.5483096619323858,0.40748149629926045
