,def_count,over_count
0,0.058811762352470286,0.924584916983396
9,0.614922984596919,0.3350670134026803
19,0.8123624724944982,0.16063212642528435
38,0.6681336267253436,0.2920584116823355
