,def_count,over_count
0,0.0,1.0
9,0.9123824764952987,0.07741548309661928
19,0.9903980796159229,0.007401480296059183
38,0.9063812762552507,0.076015203040608
