,def_count,over_count
0,0.4922984596919377,0.45769153830766063
9,0.4902980596119226,0.4592918583716752
19,0.4978995799159832,0.4596919383876775
38,0.5483096619323857,0.41088217643528624
