,def_count,over_count
0,0.4914982996599307,0.45849169833966713
9,0.5171034206841381,0.4404880976195228
19,0.48209641928385494,0.48089617923584765
38,0.5455091018203643,0.4084816963392662
