,def_count,over_count
0,0.5087017403480709,0.44308861772354396
9,0.4910982196439271,0.4650930186037184
19,0.4904980996199228,0.4588917783556704
38,0.5383076615323055,0.424284856971393
