,def_count,over_count
0,0.5939187837567512,0.36047209441888556
9,0.07021404280856151,0.9067813562712541
19,0.6375275055010994,0.3216643328665721
38,0.7675535107021398,0.19963992798559752
