,def_count,over_count
0,0.49189837967593436,0.4672934586917371
9,0.5103020604120817,0.44648929785957175
19,0.49489897979595837,0.4610922184436875
38,0.542908581716342,0.41528305661132275
