,def_count,over_count
0,0.41248249649929913,0.553510702140428
9,0.5113022604520897,0.4484896979395878
19,0.574514902980593,0.3882776555311055
38,0.5503100620124012,0.40108021604320754
