,def_count,over_count
0,0.4914982996599309,0.46529305861172265
9,0.5071014202840551,0.44928985797159404
19,0.48749749949989835,0.4796959391878374
38,0.5419083816763333,0.40808161632326506
