,def_count,over_count
0,0.6427285457091401,0.31506301260252
9,0.01580316063212629,0.9765953190638126
19,0.6765353070614104,0.2842568513702735
38,0.8645729145829162,0.11322264452890574
