,def_count,over_count
0,0.4990998199639923,0.45689137827565524
9,0.4984996999399873,0.45569113822764346
19,0.4930986197239433,0.4604920984196818
38,0.5389077815563085,0.4188837767553507
