,def_count,over_count
0,0.5025005001000167,0.45689137827565407
9,0.5077015403080618,0.4452890578115608
19,0.49449889977995515,0.46369273854770754
38,0.5361072214442869,0.4140828165633116
