,def_count,over_count
0,0.49449889977995426,0.45869173834766935
9,0.49509901980396087,0.4538907781556312
19,0.5157031406281254,0.44748949789957926
38,0.5233046609321854,0.4262852570514097
