,def_count,over_count
0,0.0,1.0
9,0.8645729145829182,0.11982396479295834
19,0.9825965193038608,0.015003000600119934
38,0.8663732746549317,0.11322264452890542
