,def_count,over_count
0,0.5181036207241456,0.43588717743548616
9,0.49809961992398416,0.45729145829165657
19,0.5121024204840983,0.44748949789957926
38,0.5023004600920215,0.45109021804360766
