,def_count,over_count
0,0.4952990598119613,0.45709141828365635
9,0.4956991398279657,0.4604920984196835
19,0.4794958991798364,0.4702940588117609
38,0.5435087017403483,0.41848369673934704
