,def_count,over_count
0,0.4906981396279256,0.46369273854770754
9,0.4956991398279656,0.4708941788357673
19,0.4658931786357265,0.4772954590918185
38,0.5411082216443294,0.4116823364672924
