,def_count,over_count
0,0.5025005001000232,0.4588917783556708
9,0.49829965993198494,0.4496899379875952
19,0.5107021404280838,0.4444888977795544
38,0.5201040208041612,0.4316863372674524
