,def_count,over_count
0,0.4944988997799557,0.4574914982996605
9,0.4930986197239435,0.45489097819563806
19,0.47649529905981197,0.4772954590918165
38,0.520904180836165,0.42788557711542224
