,def_count,over_count
0,0.5091018203640727,0.44168833766753396
9,0.4886977395479095,0.45909181836367213
19,0.4954990998199638,0.4512902580516084
38,0.511702340468092,0.44128825765152996
