,def_count,over_count
0,0.5003000600120021,0.4526905381076211
9,0.5021004200840171,0.46469293858771626
19,0.5019003800760127,0.4516903380676137
38,0.5213042608521715,0.43268653730746154
