,def_count,over_count
0,0.06341268253650721,0.9143828765753145
9,0.5987197439487891,0.35087017403480625
19,0.7791558311662319,0.18343668733746668
38,0.6419283856771366,0.31406281256251145
