,def_count,over_count
0,0.5029005801160219,0.45489097819563784
9,0.4930986197239444,0.45709141828365674
19,0.5097019403880758,0.447889577915581
38,0.5395079015803135,0.42028405681136266
