,def_count,over_count
0,0.5093018603720733,0.4544908981796345
9,0.5143028605721134,0.4392878575715134
19,0.4988997799559905,0.4626925385077018
38,0.5323064612922567,0.4198839767953583
