,def_count,over_count
0,0.4964992998599718,0.4610922184436891
9,0.5033006601320263,0.4436887377475487
19,0.49809961992398377,0.4634926985397074
38,0.5417083416683337,0.4084816963392683
